Song,danceability,energy,key,loudness,mode,speechiness,acousticness,liveness,valence,tempo,duration_ms,time
Interlaced,0.667,0.671,8,-7.323,0,0.0347,0.0626,0.112,0.137,121.979,154.24,4
Quand on arrive en ville,0.806,0.328,2,-11.641,0,0.317,0.499,0.15,0.362,92.019,218.01,4
Hope,0.531,0.918,2,-4.34,1,0.041,0.0119,0.122,0.376,133.917,312.587,4
Solarium,0.574,0.703,1,-7.624,0,0.0267,0.543,0.0991,0.697,103.985,189.053,4
Le Jour,0.688,0.684,7,-4.64,0,0.0339,0.00226,0.0333,0.805,132.005,198.92,4
Tout est magnifique,0.706,0.792,8,-11.664,0,0.0688,0.0305,0.952,0.0601,111.153,305.262,4
Winter in the Sun,0.762,0.767,0,-6.04,0,0.0405,0.0518,0.0882,0.904,124.022,218.627,4
Comme toi,0.655,0.716,10,-6.41,1,0.0309,0.106,0.184,0.627,123.044,162.053,4
Gravit_,0.601,0.362,0,-12.694,1,0.373,0.863,0.125,0.601,120.201,196.787,4
Some Walls,0.623,0.32,3,-11.461,0,0.0433,0.0431,0.0633,0.478,148.041,183.187,4
Autonomic,0.684,0.549,5,-9.27,1,0.0415,0.187,0.0948,0.39,120.011,440.256,4
Virile,0.679,0.462,3,-10.128,1,0.0326,0.0442,0.0846,0.302,120.012,321.56,4
Agitations tropicales,0.76,0.401,1,-9.537,0,0.0674,0.564,0.0977,0.619,115.989,248.892,4
Kid,0.724,0.535,9,-8.265,1,0.214,0.0551,0.181,0.407,143.909,186.307,4
Nana,0.682,0.693,4,-6.77,0,0.0333,0.22,0.23,0.335,94.017,190.194,3
L'Indien,0.731,0.494,0,-7.486,1,0.0337,0.214,0.239,0.362,129.966,211.547,4
Gamesofluck,0.659,0.757,9,-5.275,0,0.038,0.128,0.0859,0.553,104.997,348.093,4
Hinode,0.62,0.702,9,-8.193,0,0.0581,0.0571,0.141,0.399,171.853,207.973,4
On You,0.694,0.68,1,-8.395,1,0.0323,0.339,0.691,0.357,116.984,197.4,4
Rebirth,0.72,0.514,11,-12.088,1,0.0365,0.00435,0.692,0.203,107.982,311.111,4
Bal De Bamako,0.699,0.82,1,-4.94,0,0.171,0.0224,0.367,0.781,108.039,229.16,4
She Pretends,0.535,0.652,6,-7.316,1,0.0305,0.312,0.454,0.427,120.078,243.987,4
Photomaton,0.768,0.568,0,-11.548,1,0.0489,0.655,0.0906,0.62,101.002,280.12,4
Salop(e),0.525,0.837,0,-4.399,0,0.0727,0.0634,0.281,0.667,92.926,236.64,4
Swim,0.582,0.581,0,-6.325,1,0.0692,0.159,0.0643,0.4,168.052,209.756,4
Ma Benz,0.791,0.338,4,-9.763,0,0.0533,0.512,0.471,0.445,124.066,244.747,4
Betty,0.745,0.494,1,-8.393,0,0.0347,0.211,0.226,0.572,91.988,235.534,4
Djon Maya Ma¥ - feat. Victor D_m_ [Original Mix],0.79,0.647,8,-6.732,0,0.0375,0.2,0.0766,0.749,105.012,194.707,4
You're High,0.613,0.634,9,-7.375,0,0.0266,0.0173,0.118,0.496,107.009,270,4
La mer est calme,0.77,0.403,5,-9.178,1,0.0299,0.741,0.106,0.515,107.531,238.307,3
Atlas,0.444,0.752,2,-5.719,1,0.12,0.138,0.177,0.499,99.934,175.2,4
La Malinche,0.597,0.726,9,-5.064,0,0.0412,0.0688,0.136,0.258,125.901,236.533,4
My Baby,0.649,0.476,6,-9.669,1,0.0264,0.785,0.195,0.783,94.972,177.217,4
Tornado,0.808,0.702,9,-6.171,1,0.0434,0.0362,0.0655,0.552,119.978,234.347,4
Miss Miss,0.664,0.86,0,-6.955,1,0.0639,0.266,0.0763,0.611,99.992,201.56,4
Les filles d_sir,0.486,0.532,3,-8,0,0.0821,0.371,0.0941,0.346,79.105,197.351,4
Holy Drops,0.622,0.478,5,-11.771,0,0.0578,0.493,0.147,0.241,169.981,262.76,3
Mo¥ra Gynt - EP version,0.577,0.392,5,-11.109,1,0.0444,0.388,0.121,0.144,94.391,201.84,4
Le grand amour,0.347,0.273,4,-11.988,0,0.0341,0.937,0.129,0.366,98.69,216.293,4
Something,0.565,0.534,4,-11.723,0,0.0336,0.171,0.106,0.0367,170.073,223.973,4
The Keys,0.378,0.689,9,-8.14,0,0.0545,0.0104,0.166,0.228,149.083,234.908,4
Simply Are,0.76,0.646,5,-11.638,1,0.0668,0.11,0.131,0.819,99.331,236.973,4
Petit Pays,0.576,0.68,4,-9.416,0,0.132,0.842,0.162,0.754,99.814,257.24,4
Miami,0.744,0.795,7,-5.019,1,0.0331,0.00817,0.1,0.888,110.012,274.333,4
Flaming Sky,0.578,0.569,6,-7.083,1,0.0538,0.169,0.0837,0.113,129.99,192.973,4
Week-end ö Rome,0.741,0.761,11,-13.496,1,0.0469,0.157,0.0392,0.958,118.912,254.453,4
Bouche ö lèvres,0.769,0.488,0,-9.834,1,0.0421,0.254,0.105,0.514,128.003,229.253,4
Sur la planche 2013,0.46,0.804,9,-4.735,0,0.0397,0.0582,0.111,0.182,186.015,229.84,4
De la vitesse ö l'ivresse,0.415,0.498,9,-8.572,1,0.0408,0.706,0.201,0.197,74.874,268.242,4
Oboe,0.746,0.666,0,-8.342,1,0.0351,0.298,0.0983,0.393,114.992,325.587,4
Poly,0.416,0.562,11,-9.462,1,0.0562,0.315,0.134,0.131,122.519,293.493,3
Just Need Your Love,0.612,0.649,10,-6.481,0,0.0326,0.104,0.201,0.301,115.035,250.467,4
Chäteau perdu,0.687,0.635,0,-8.661,0,0.0426,0.0583,0.067,0.339,100.02,270,4
Despair Hangover & Ecstasy,0.607,0.902,2,-4.129,0,0.0746,0.0252,0.181,0.611,142.95,172.891,4
Dernier m_tro,0.732,0.822,9,-5.287,0,0.0394,0.000855,0.133,0.97,149.98,225.352,4
Autopilote,0.696,0.402,0,-11.111,1,0.105,0.562,0.0763,0.642,148.533,224.427,4
Parade,0.632,0.434,7,-13.478,1,0.0424,0.0964,0.0988,0.11,119.989,381.157,4
Garde Le Pour Toi,0.65,0.878,8,-8.228,0,0.0385,0.00539,0.253,0.299,117,405.697,4
We Cut the Night,0.414,0.866,0,-7.923,1,0.0787,0.306,0.107,0.233,113.978,255.453,4
Swimming Lessons,0.589,0.661,0,-5.719,1,0.0261,0.0082,0.36,0.52,111.958,235.36,4
A New Dawn,0.84,0.532,10,-10.569,0,0.0468,0.0136,0.128,0.525,110.998,220.205,4
All in All - Anoraak Remix,0.765,0.545,0,-7.241,1,0.0375,0.0477,0.13,0.442,100.002,274.252,4
Glitter Gown,0.697,0.827,6,-6.049,0,0.0392,0.244,0.0658,0.789,128.002,161.425,4
Special Way,0.72,0.668,6,-5.315,0,0.0312,0.00773,0.101,0.956,140.018,241.013,4
Dancing Like a Robot,0.735,0.493,4,-6.922,0,0.0467,0.0487,0.196,0.586,124.955,249.385,4
Antony's Affair,0.629,0.404,4,-11.869,0,0.0359,0.0279,0.11,0.0631,125.292,231.371,4
Ichor,0.63,0.736,5,-7.558,0,0.0425,0.000496,0.102,0.484,95.017,247.652,4
Si maman si,0.845,0.603,10,-6.892,1,0.0496,0.448,0.108,0.974,117.07,180.453,4
Map No.29,0.633,0.272,7,-14.101,1,0.0362,0.51,0.0574,0.0528,92.997,449.22,4
Juvenile,0.63,0.554,9,-9.675,0,0.0256,0.00393,0.145,0.119,127.013,203.693,4
Last Thoughts (feat. Jimmy Hennessy),0.725,0.74,1,-7.971,0,0.0664,0.2,0.12,0.368,108.011,200,4
Sonate pacifique,0.557,0.534,5,-8.863,1,0.0328,0.627,0.425,0.226,99.99,348.945,4
L'Amour en Solitaire,0.794,0.521,5,-6.81,0,0.0339,0.427,0.265,0.491,128.019,175.24,4
Older,0.746,0.765,3,-5.487,1,0.054,0.366,0.0799,0.972,154.971,207.192,5
Random,0.589,0.606,7,-7.322,0,0.351,0.547,0.0918,0.471,106.724,250.987,5
Plage isol_e (Soleil couchant),0.783,0.437,10,-8.735,0,0.0333,0.0779,0.0805,0.46,96.996,359.035,4
Headson,0.814,0.454,0,-13.431,1,0.0417,0.383,0.116,0.571,115.011,188,4
La lune rousse,0.721,0.813,9,-7.763,1,0.0321,0.0489,0.153,0.161,113.002,225.257,4
Palladium,0.621,0.627,11,-5.877,1,0.0369,0.738,0.105,0.433,139.93,229.733,4
Gimme Some,0.632,0.714,6,-13.228,0,0.0411,0.0456,0.132,0.0641,99.988,308.742,4
La ritournelle,0.558,0.723,0,-11.214,0,0.0312,0.00405,0.0863,0.526,102.833,454.48,4
J'arrive,0.725,0.378,11,-9.59,0,0.0608,0.529,0.0671,0.342,136.026,192.147,4
Honeymoon,0.742,0.481,4,-7.954,0,0.0336,0.0917,0.0729,0.451,117.003,241.427,4
The Sun,0.774,0.673,5,-6.473,0,0.035,0.22,0.0973,0.917,126.016,210.04,4
Coma Idyllique,0.629,0.794,10,-5.434,1,0.0291,0.0013,0.552,0.615,101.998,208.699,4
Solidarit_,0.664,0.851,11,-6.866,1,0.228,0.0617,0.594,0.812,112.993,195.293,4
Le Temps Est Bon,0.802,0.565,3,-6.585,1,0.0263,0.213,0.0967,0.595,90.989,273.859,4
Isabella,0.289,0.507,2,-9.947,1,0.154,0.691,0.142,0.105,176.997,313.733,4
We Choose,0.433,0.0663,6,-11.224,1,0.0428,0.906,0.108,0.173,77.873,229.875,3
Fireball (feat. Broken Back),0.83,0.677,6,-6.012,0,0.0945,0.224,0.0438,0.615,120.004,190,4
Un autre que moi,0.761,0.632,6,-6.236,1,0.0498,0.029,0.0589,0.921,102.038,184.147,4
Thousand Suns,0.64,0.785,11,-5.216,0,0.0599,0.0172,0.0367,0.329,98.039,190.623,4
Prettiest Virgin (Radio Edit),0.946,0.493,8,-9.654,1,0.0509,0.162,0.0875,0.592,120.012,270,4
Blow Up,0.693,0.406,9,-8.154,1,0.0524,0.571,0.115,0.571,104.987,315.086,4
Unicorns,0.593,0.676,0,-7.583,1,0.0275,0.389,0.15,0.255,109.982,268,4
We Light The Sunshine - Trinix Remix,0.697,0.657,7,-5.779,0,0.0418,0.187,0.162,0.418,101.965,179.573,4
Ulysses and the Sea,0.882,0.161,8,-9.385,0,0.0458,0.913,0.128,0.698,106.105,120.166,4
Too Insistent - TrentemÀller Remix,0.754,0.686,0,-8.963,0,0.0384,0.302,0.0773,0.276,111.966,310.006,4
Interlaced,0.667,0.671,8,-7.323,0,0.0347,0.0626,0.112,0.137,121.979,154.24,4
But Now a Warm Feel Is Running,0.8,0.279,2,-10.823,0,0.0619,0.348,0.222,0.095,90.006,302.2,4
Words Hurt,0.8,0.671,10,-4.907,0,0.0369,0.00253,0.0647,0.618,114.993,221.507,4
On the Way Home,0.717,0.659,0,-11.249,0,0.0331,0.227,0.0923,0.346,125.001,356.032,4
A l'aube,0.571,0.591,5,-6.799,1,0.0334,0.0214,0.0733,0.426,125.932,284.12,4
Larme ö gauche,0.754,0.758,2,-8.626,0,0.0517,0.108,0.25,0.562,120.086,178.056,4
Fisher,0.837,0.501,4,-8.366,1,0.046,0.0792,0.141,0.781,109.98,324.547,4
Dans la Merco Benz - Radio Edit,0.425,0.789,0,-5.814,0,0.0452,0.0017,0.126,0.845,177.975,188.28,4
La vie ne vaut rien (reprise d'Alain Souchon),0.741,0.525,0,-8.903,1,0.144,0.321,0.0929,0.394,84.998,220.973,4
Hero,0.739,0.809,0,-4.731,1,0.03,0.0261,0.108,0.925,118.009,175.104,4
You Killed Me on the Moon,0.461,0.721,11,-5.756,0,0.0582,0.0728,0.172,0.441,174,190,4
Jouer le jeu,0.777,0.743,0,-5.141,1,0.0317,0.207,0.131,0.972,105.989,179.4,4
Blaze Up,0.787,0.769,0,-6.377,1,0.0446,0.16,0.08,0.779,122.019,213.973,4
Irruption,0.453,0.685,6,-8.403,0,0.185,0.0623,0.105,0.27,83.872,259.659,4
Die in Shanghai,0.595,0.666,6,-5.349,1,0.0256,0.000434,0.0932,0.57,95.013,226.427,4
Où va le monde,0.455,0.836,9,-6.536,0,0.0435,0.497,0.296,0.555,151.978,337.867,4
Blowing Like a Storm - Radio Edit Electro,0.746,0.829,2,-4.97,1,0.0525,0.0712,0.348,0.735,122.004,199.16,4
Moi moi,0.631,0.406,9,-10.502,0,0.031,0.915,0.107,0.107,114.979,309.213,4
Cocaine Man,0.758,0.395,0,-10.239,0,0.0346,0.0426,0.0788,0.492,127.365,233.973,4
Les voiles,0.721,0.847,1,-5.336,1,0.0412,0.279,0.102,0.524,112.027,273.231,4
Recto Verso,0.749,0.653,9,-8.931,0,0.043,0.0119,0.158,0.645,126.006,383.933,4
Le premier jour (du reste de ta vie),0.549,0.485,4,-10.311,1,0.0263,0.282,0.0761,0.46,63.111,250.413,4
Saxophone,0.74,0.505,7,-12.133,1,0.109,0.317,0.169,0.668,89.977,220.747,4
With You,0.648,0.681,4,-10.394,0,0.0709,0.00919,0.102,0.302,119.995,234,4
La forêt,0.862,0.468,7,-5.697,1,0.0708,0.00456,0.0884,0.737,132.03,284.508,4
All that she wants,0.494,0.606,1,-6.562,0,0.104,0.235,0.0811,0.283,97.992,257.862,4
Home,0.697,0.542,6,-9.823,0,0.0385,0.708,0.119,0.106,119.991,314.5,4
La Fille Aux Cheveux De Soie - Isaac Delusion Remix,0.562,0.555,8,-8.942,0,0.0547,0.159,0.0758,0.446,105.002,233.813,4
Smile - Vocal Mix,0.797,0.743,10,-8.019,0,0.059,0.0041,0.116,0.588,120.06,206.347,4
Time to Dance,0.604,0.978,9,-6.906,1,0.0585,0.0142,0.495,0.763,143.992,196.31,4
You Me Cellphones,0.531,0.509,0,-9.003,1,0.029,0.0341,0.0931,0.417,99.941,217.023,4
Pluie Fine - Polo & Pan Remix,0.849,0.7,8,-8.064,0,0.0625,0.383,0.0955,0.215,118.011,238.081,4
Nakt,0.62,0.806,7,-13.5,0,0.041,0.274,0.0912,0.117,128.002,284.76,4
Blouson noir,0.576,0.797,0,-7.583,1,0.0506,0.0841,0.108,0.222,111.987,277.453,4
Tears of Lava,0.724,0.667,7,-9.624,1,0.0367,0.229,0.0881,0.237,99.999,227.157,4
The Way That You Like,0.766,0.499,8,-9.422,1,0.035,0.0444,0.104,0.113,113.97,225.831,4
Blood in Love,0.778,0.862,0,-6.532,1,0.0523,0.49,0.117,0.349,127.941,185.885,4
Little Lady,0.882,0.447,1,-7.673,1,0.0341,0.485,0.0898,0.625,95.996,299.547,4
Je fais le mort,0.67,0.673,9,-5.62,1,0.026,0.0153,0.104,0.557,113.977,222.653,3
Break My Heart,0.701,0.79,7,-6.887,0,0.142,0.0843,0.183,0.619,120.022,205.52,4
Golden Times,0.687,0.574,5,-11.22,0,0.0516,0.012,0.299,0.234,138.083,192.933,4
Birdcage,0.669,0.709,6,-8.776,0,0.0452,0.0124,0.062,0.278,108.998,339.083,4
Toute latitude,0.572,0.798,4,-6.878,0,0.0525,0.205,0.122,0.412,97.16,198.336,4
Sensations,0.439,0.832,9,-5.784,0,0.0377,0.000758,0.384,0.272,143.993,219.2,4
Swamp,0.813,0.598,3,-7.852,0,0.056,0.0207,0.0984,0.86,142.057,170.704,4
Your Woman,0.786,0.786,7,-6.071,0,0.0293,0.022,0.0975,0.883,102.975,256.069,4
True Love,0.854,0.557,7,-8.334,1,0.0838,0.328,0.102,0.21,98.496,360.227,4
La vague,0.63,0.552,0,-8.356,1,0.0373,0.0502,0.145,0.182,129.967,235,4
The Iceland Sound,0.795,0.654,8,-7.132,1,0.0589,0.165,0.0972,0.791,99.997,218.4,4
Un amour au super u,0.684,0.535,2,-8.742,0,0.0309,0.41,0.156,0.552,112.986,197.522,4
Misses,0.457,0.566,11,-11.97,0,0.0293,0.274,0.177,0.246,100.007,215.893,4
Kafi Lied (feat. Sarah Palin),0.871,0.459,9,-13.183,0,0.069,0.163,0.052,0.325,114.004,464.453,4
Darling Darling Darling...,0.793,0.365,4,-7.217,0,0.0467,0.772,0.0905,0.425,106.053,277.347,3
Danser seul (ne suffit pas),0.827,0.602,7,-8.22,1,0.0566,0.000251,0.29,0.521,133.055,234.733,4
Luxembourg Park,0.894,0.357,9,-9.653,0,0.067,0.352,0.0894,0.835,120.016,209.43,4
Schenzen V (Radio Edit),0.699,0.754,0,-6.397,1,0.0356,0.00203,0.183,0.458,122.008,265.082,4
Budapest,0.841,0.606,10,-7.438,1,0.0482,0.00122,0.0835,0.8,126.053,329.947,4
Hypernuit,0.559,0.532,8,-13.554,0,0.0354,0.864,0.108,0.701,86.835,248.146,4
Oasis,0.368,0.509,8,-9.824,1,0.0599,0.831,0.0932,0.214,82.887,237.387,4
Stil,0.807,0.778,8,-7.407,1,0.0397,0.000272,0.0957,0.318,119.998,425.107,4
Blue Moon,0.797,0.331,9,-13.505,0,0.0441,0.445,0.112,0.0543,120.014,359.58,4
My Hand in your Hand,0.654,0.421,7,-10.093,0,0.0433,0.704,0.0982,0.461,88.018,291.345,4
Trap,0.591,0.628,9,-6.021,0,0.031,0.00234,0.189,0.381,94.017,150.806,4
Vanille fraise,0.767,0.547,7,-11.458,0,0.0474,0.0399,0.0949,0.66,103.03,238.183,4
Prix choc,0.749,0.919,0,-10.848,1,0.0409,0.232,0.383,0.793,127.871,532.373,4
Les Cam_lias - Bic m_dium/ Pt. 4,0.345,0.491,11,-7.622,0,0.041,0.42,0.0994,0.188,132.283,291.64,4
How Much (You Want Her) 2017,0.654,0.665,8,-7.335,1,0.0571,0.0125,0.0872,0.733,109.965,220.627,4
Retiens mon d_sir,0.695,0.334,11,-7.561,0,0.0643,0.0688,0.0694,0.626,98.967,221.069,4
Wicked Game - Live Paris 2016,0.329,0.693,9,-7.383,1,0.0503,0.00986,0.971,0.154,106.185,301.027,4
Moon,0.663,0.658,2,-10.001,1,0.0345,0.295,0.102,0.0532,117.986,390.639,4
Bateu,0.793,0.961,7,-7.176,1,0.0416,0.112,0.108,0.655,111.991,403.043,4
N.E.M.,0.606,0.66,5,-6.956,0,0.0536,0.0506,0.135,0.189,160.032,200.68,4
Glory Lies,0.475,0.813,6,-7.507,1,0.0296,0.141,0.199,0.473,150.038,260.48,4
Doing Yoga,0.732,0.76,4,-6.82,0,0.0922,0.214,0.389,0.318,108.993,291.573,4
La femme ö la peau bleue,0.675,0.649,11,-5.053,0,0.0751,0.429,0.228,0.244,100.012,207.923,4
Love Soup,0.483,0.566,9,-7.129,0,0.0325,0.0552,0.196,0.153,78.527,457.147,4
Zelda,0.537,0.89,5,-3.926,1,0.0514,0.0653,0.0681,0.674,156.962,181.653,4
Blind,0.591,0.911,2,-3.92,1,0.0733,0.104,0.187,0.804,98.581,222.613,4
Come to the Fore,0.5,0.774,10,-6.673,0,0.0319,0.0125,0.0566,0.399,114.959,234.76,4
Five Minutes,0.614,0.543,10,-7.641,0,0.0622,0.379,0.0747,0.396,100.038,224.672,4
Hit Sale (feat. Rom_o Elvis),0.573,0.784,9,-5.224,1,0.0591,0.141,0.0844,0.69,82.009,184.4,4
La Fête Noire,0.599,0.577,4,-9.323,1,0.0389,0.622,0.635,0.103,81.412,364.333,4
Ondulation,0.701,0.738,10,-9.062,1,0.0324,0.38,0.0882,0.532,107.019,194.128,4
Indian Poem,0.486,0.475,9,-14.613,0,0.0443,0.151,0.177,0.199,110.022,240.955,4
Mortel,0.598,0.628,5,-5.874,0,0.0265,0.00181,0.0676,0.747,95.973,236.547,4
A la plage,0.66,0.675,9,-7.086,1,0.0399,0.045,0.249,0.577,161.969,218.04,4
Diamond Veins (feat. Sarah Rebecca),0.498,0.54,8,-10.441,1,0.0302,0.000499,0.132,0.0944,100.024,240.12,4
OK!,0.679,0.783,2,-10.358,0,0.0514,0.0633,0.0758,0.392,120.041,284.525,4
Canop_e,0.704,0.691,5,-6.615,0,0.03,0.0986,0.0918,0.369,96.016,276.293,4
1982,0.577,0.379,6,-15.306,0,0.0291,0.344,0.114,0.257,81.988,205.467,4
L'escalier,0.758,0.682,0,-5.794,0,0.0496,0.0623,0.335,0.923,111.963,208.987,4
David Palmer,0.768,0.609,7,-8.087,1,0.0379,0.00133,0.102,0.518,127.048,197.538,4
Ton h_ritage,0.31,0.409,8,-8.022,0,0.0383,0.586,0.105,0.32,95.503,260.613,4
Piany Pianino,0.65,0.592,11,-13.719,0,0.0368,0.589,0.229,0.119,114.011,272.84,4
I'm That Guy,0.626,0.389,5,-10.179,0,0.0413,0.174,0.102,0.372,182.092,448.583,4
No Love,0.332,0.776,3,-6.593,1,0.0313,0.0000603,0.153,0.164,131.005,348.299,4
Ann Wants to Dance,0.742,0.436,9,-10.992,0,0.027,0.672,0.183,0.718,100.859,210.787,4
For We the Living,0.644,0.377,11,-10.652,1,0.0323,0.364,0.103,0.0379,109.985,310.867,4
Sous garantie,0.749,0.41,0,-11.05,1,0.0491,0.258,0.115,0.827,104.959,173.8,4
Willow Grove,0.429,0.59,5,-10.07,1,0.0329,0.0198,0.189,0.393,171.971,255.347,4
Les bateaux,0.532,0.597,4,-6.111,1,0.0269,0.376,0.0625,0.26,138.011,186.97,4
Happy Soup,0.469,0.793,0,-5.276,0,0.0309,0.0233,0.142,0.273,133.903,226.32,4
Surprise Party,0.489,0.743,2,-7.032,1,0.0322,0.015,0.157,0.554,175.972,288,4
Petit Pd,0.654,0.435,9,-13.543,0,0.0432,0.000908,0.117,0.678,150.026,187.32,4
Sous la Pluie,0.659,0.12,5,-10.534,0,0.0347,0.98,0.136,0.237,133.987,196.187,4
La Travers_e,0.583,0.536,10,-11.013,1,0.0433,0.7,0.0939,0.265,81.03,210.907,4
Flash,0.651,0.739,2,-4.845,0,0.0433,0.186,0.0384,0.518,103.05,179.417,4
Distant,0.57,0.489,9,-6.431,0,0.0397,0.04,0.105,0.104,130.893,227.078,4
Qui es-tu?,0.663,0.729,11,-5.881,0,0.0344,0.368,0.0685,0.757,94.991,244.452,4
Souffle le vent,0.616,0.535,0,-7.869,1,0.0604,0.0919,0.0823,0.353,101.995,192.893,4
Out Of Reach,0.633,0.63,7,-6.737,1,0.125,0.163,0.074,0.13,97.024,217.119,4
Holding Up - Radio Edit,0.666,0.809,7,-6.131,0,0.0424,0.1,0.483,0.42,94.015,202.535,4
Teahupoo - (TE AHU POO),0.477,0.365,4,-9.315,1,0.0288,0.000393,0.105,0.0928,129.891,234.173,4
Ma barbe pousse,0.532,0.29,5,-14.506,0,0.0295,0.947,0.108,0.161,151.91,186.307,4
10 ans de nous,0.47,0.374,10,-8.921,1,0.0373,0.89,0.105,0.156,98.675,207.133,4
Orange - Original Mix,0.81,0.682,7,-5.938,1,0.041,0.246,0.102,0.516,113.791,337.397,4
Blueshirt,0.644,0.539,0,-10.019,0,0.0512,0.416,0.105,0.424,89.638,206.496,4
Un nouveau monde,0.475,0.577,0,-8.456,0,0.0287,0.0207,0.0996,0.513,75.976,367.396,4
Cocktail,0.708,0.757,4,-7.044,0,0.0387,0.136,0.167,0.272,100.012,263.381,4
Bye Bye Macadam,0.593,0.509,4,-12.042,0,0.0626,0.107,0.277,0.0769,190.028,265.25,4
Roche,0.87,0.672,10,-7.777,0,0.0478,0.114,0.0804,0.925,122.034,301.467,4
Monday Land,0.646,0.556,4,-7.855,1,0.0376,0.469,0.389,0.211,77.008,189.063,4
Oracle,0.451,0.581,6,-10.745,0,0.0778,0.913,0.0886,0.764,142.538,198.68,3
Maryland,0.732,0.728,5,-4.266,0,0.0308,0.00357,0.0713,0.828,102.377,198.413,4
Heal Tomorrow,0.719,0.734,2,-5.328,0,0.0305,0.0346,0.0859,0.323,119.982,216.24,4
Apprivois_,0.656,0.672,11,-6.629,0,0.0311,0.00642,0.0779,0.774,94.976,209.827,4
Toi Et Moi,0.698,0.789,11,-7.255,0,0.052,0.0039,0.11,0.627,113.046,220.853,4
Lights On,0.599,0.703,5,-7.953,0,0.0273,0.312,0.293,0.506,89.973,207.24,4
It's Time to Wake Up 2023,0.675,0.585,5,-6.886,1,0.0264,0.314,0.0888,0.113,109.982,411.44,4
Fête de trop,0.654,0.385,10,-8.733,1,0.0899,0.119,0.105,0.468,139.766,157.733,4
Dans la radio,0.581,0.738,0,-6.501,1,0.0941,0.0743,0.0873,0.26,138.054,201.001,4
B_ton arm_,0.665,0.915,9,-5.146,1,0.113,0.0877,0.0974,0.515,128.025,214.067,4
Antibodies,0.741,0.654,8,-7.364,1,0.0362,0.00406,0.137,0.797,124.982,283.893,4
Hano¥ caf_,0.568,0.754,2,-7.402,0,0.0406,0.263,0.219,0.5,172.005,194.083,4
The Seduction Parade,0.691,0.638,9,-9.111,0,0.036,0.00347,0.113,0.143,109.985,260.44,4
La piscine,0.758,0.729,5,-5.322,0,0.0373,0.107,0.314,0.805,119.98,229.147,4
Faith,0.735,0.578,9,-11.128,0,0.101,0.159,0.103,0.49,96,265.286,4
Well Bell (Fire Walk With Me),0.605,0.889,9,-4.847,0,0.0451,0.0554,0.593,0.4,115.024,226.92,4
Soleil noir,0.778,0.514,0,-10.271,1,0.0592,0.322,0.11,0.231,116.942,263,4
Morning,0.722,0.561,4,-10.049,0,0.0311,0.168,0.167,0.0749,114.982,181.88,4
Next Touch,0.729,0.596,4,-9.56,0,0.0326,0.658,0.103,0.529,104.978,201.318,4
Territory,0.563,0.44,9,-11.943,0,0.0822,0.286,0.269,0.213,120.009,276.373,4
You & I,0.647,0.598,1,-7.076,1,0.0412,0.425,0.101,0.284,95.991,214.387,4
L'Horizon,0.404,0.618,4,-6.486,0,0.0343,0.661,0.116,0.303,83.202,422.107,4
Heartbeat,0.664,0.57,0,-7.587,1,0.159,0.563,0.103,0.32,191.931,195.28,4
When We Fall,0.698,0.464,4,-10.843,0,0.0604,0.102,0.127,0.175,114.026,262,4
Falling Out,0.769,0.439,11,-12.7,0,0.0515,0.164,0.108,0.188,102.002,322.126,4
Ouverture.,0.553,0.724,9,-5.593,1,0.0335,0.000142,0.245,0.289,119.996,199.173,4
Overnight,0.81,0.818,8,-9.599,0,0.0511,0.343,0.113,0.887,119.982,219.603,4
Ourson,0.729,0.379,11,-11.256,1,0.0891,0.804,0.0697,0.429,119.867,161.493,4
La grenade,0.713,0.7,11,-6.547,0,0.0609,0.14,0.139,0.948,129.997,194.691,4
Les baisers rouges,0.34,0.495,7,-9.411,0,0.0278,0.415,0.222,0.214,158.703,230.653,3
In Your Eyes,0.437,0.514,10,-10.103,1,0.0331,0.326,0.111,0.131,170.014,275.8,4
The Shark,0.707,0.818,0,-6.582,1,0.139,0.298,0.189,0.642,108.008,187.667,4
La chaleur,0.607,0.241,7,-13.058,1,0.0352,0.929,0.102,0.213,97.686,247.386,4
Pour oublier je dors,0.531,0.202,10,-10.449,1,0.0356,0.945,0.102,0.403,123.106,207.88,4
Bones,0.473,0.73,0,-7.673,1,0.0312,0.000244,0.181,0.265,101.024,184.467,4
La danse de Daphnis,0.734,0.405,11,-10.182,0,0.0287,0.459,0.129,0.112,104.01,295.197,4
Odissi Pt. II (Emotif) [Yuksek Remix],0.663,0.824,5,-7.995,0,0.0573,0.0631,0.0724,0.562,89.993,288.197,4
Babar,0.688,0.44,0,-9.431,0,0.036,0.0956,0.0677,0.188,116.032,214.12,4
Baby,0.638,0.661,11,-8.398,0,0.0345,0.0353,0.0639,0.834,133.017,215.363,4
Dream,0.685,0.437,8,-8.541,1,0.0266,0.428,0.0719,0.757,113.029,217.722,4
Casualty,0.876,0.481,1,-8.429,1,0.0523,0.00563,0.436,0.581,120.005,307.562,4
Your Wish,0.477,0.856,8,-6.514,1,0.101,0.0478,0.0771,0.56,124.84,236.32,4
Dust It Off,0.52,0.202,6,-13.159,0,0.0336,0.963,0.0891,0.342,133.842,222,4
Je bois et puis je danse,0.684,0.736,9,-5.12,1,0.0458,0.0214,0.0671,0.816,94.942,268.8,4
Au tir ö la carabine,0.756,0.396,0,-7.188,1,0.0409,0.575,0.111,0.44,169.992,199.88,4
The Less I Know (The Better),0.643,0.864,11,-6.142,0,0.0387,0.144,0.366,0.78,93.985,230.52,4
Promises,0.378,0.387,2,-9.016,0,0.0377,0.397,0.0842,0.128,99.983,259.911,4
Le beefteak,0.589,0.728,9,-7.629,0,0.0344,0.327,0.577,0.373,80.019,233.587,4
La bonne _toile (Live),0.545,0.171,1,-14.691,0,0.136,0.956,0.942,0.425,104.253,371.832,4
Quand on arrive en ville,0.806,0.328,2,-11.641,0,0.317,0.499,0.15,0.362,92.019,218.01,4
Qu'attendez Vous De Moi ?,0.727,0.6,4,-8.383,1,0.0393,0.307,0.0836,0.624,104.989,240.203,3
Leave My Room,0.704,0.619,11,-8.863,1,0.0315,0.00149,0.0658,0.512,120.984,327.693,4
The Most,0.583,0.673,2,-11.457,1,0.0268,0.00846,0.303,0.19,111.983,329,4
Misunderstood,0.46,0.622,9,-8.834,1,0.269,0.0356,0.138,0.289,159.607,238.68,3
Howling Wolf (Thylacine Remix),0.545,0.64,4,-9.03,0,0.0946,0.137,0.112,0.0394,95.999,188.985,4
Ad_la¥de,0.519,0.767,10,-4.828,1,0.0327,0.475,0.284,0.564,135.229,172.36,4
Look at Them,0.53,0.284,2,-8.126,1,0.0351,0.392,0.183,0.121,123.883,215.667,4
I Can Wait,0.738,0.883,0,-5.663,1,0.0341,0.0654,0.313,0.894,120.155,192.96,4
Bluff,0.679,0.832,1,-6.448,1,0.0281,0.00491,0.151,0.889,132.014,161.194,4
Comets,0.564,0.518,9,-10.034,0,0.0751,0.459,0.0745,0.0864,144.063,258.557,4
No Bull(feat. Twice & Lil Patt),0.716,0.625,7,-5.44,0,0.107,0.259,0.151,0.566,185.975,263.16,4
Je suis la montagne,0.501,0.773,2,-6.041,1,0.0333,0.0374,0.701,0.704,129.995,292.522,4
Rester avec toi,0.626,0.856,7,-9.915,1,0.0605,0.0718,0.0799,0.883,83.505,221.457,4
Paradis,0.457,0.871,11,-5.24,0,0.1,0.244,0.159,0.632,193.898,222.067,4
Daytime nighttime,0.647,0.566,4,-5.884,0,0.0292,0.00238,0.0814,0.63,82,271.293,4
A Young Gun,0.597,0.505,8,-8.747,0,0.0342,0.00871,0.119,0.465,97.658,260.485,4
U-Turn (Lili) (Live),0.552,0.155,9,-12.497,0,0.0387,0.825,0.71,0.0768,148.01,268.147,4
Vampire,0.571,0.746,7,-6.496,0,0.0935,0.0507,0.169,0.606,174.031,203.04,4
Purple Rose,0.846,0.538,3,-8.316,0,0.113,0.0104,0.0548,0.578,104.008,397.247,4
South Seas,0.698,0.465,9,-10.676,1,0.0615,0.602,0.107,0.219,108.187,227.892,4
The Story of a Magnificent Blowjob,0.5,0.632,1,-7.428,0,0.0431,0.105,0.0964,0.271,124.132,196,4
Come On,0.559,0.81,0,-4.784,1,0.0492,0.0404,0.173,0.824,173.602,178.537,3
Hush,0.679,0.588,7,-7.523,0,0.044,0.393,0.139,0.092,95.987,259.253,4
Les oiseaux l'ont mang_,0.416,0.36,10,-13.616,1,0.0416,0.652,0.326,0.231,151.873,241.48,3
My Head Is Into You,0.473,0.779,9,-7.032,0,0.041,0.0517,0.0725,0.0846,145.098,276.696,4
The Double,0.595,0.594,0,-6.897,1,0.0334,0.0114,0.0825,0.256,103.001,301.393,4
Vieille chaine,0.593,0.139,9,-11.48,1,0.044,0.858,0.0932,0.203,113.465,199.067,4
Hide Away (feat. Holly),0.788,0.795,1,-5.083,0,0.105,0.146,0.205,0.902,114.016,175.337,4
Stupid,0.554,0.618,9,-6.544,0,0.0315,0.311,0.228,0.406,82.974,275.707,4
Hidden Wealth,0.563,0.612,3,-8.692,0,0.0326,0.38,0.0817,0.174,126.094,236.387,4
The Fields,0.474,0.65,11,-8.838,0,0.0262,0.626,0.179,0.305,156.031,317.972,4
Descends,0.82,0.653,11,-8.484,0,0.135,0.182,0.362,0.867,99.984,217.728,4
Filme moi,0.667,0.51,6,-7.471,0,0.0336,0.192,0.108,0.673,97.996,209.907,4
Circuit 71,0.566,0.503,3,-8.804,1,0.0346,0.354,0.214,0.402,117.903,200.266,4
Part V,0.548,0.779,1,-7.553,1,0.0414,0.00444,0.0942,0.291,144.989,271.827,4
Magie noire,0.631,0.866,7,-6.188,1,0.0963,0.00795,0.0512,0.395,122.026,247.072,4
Caf_ine,0.632,0.604,9,-8.697,0,0.0391,0.125,0.347,0.466,92.038,279.84,4
Shiver,0.714,0.517,8,-12.514,0,0.157,0.751,0.112,0.331,97.133,312,4
The Closest Ghost,0.887,0.466,0,-11.969,0,0.375,0.287,0.362,0.537,125.008,215.961,4
The Night,0.688,0.576,1,-6.086,1,0.0376,0.00451,0.134,0.54,99.991,290.539,3
M.F.C,0.559,0.797,11,-6.367,1,0.0439,0.00234,0.106,0.211,160.023,242.893,4
Fall in Deep,0.686,0.642,0,-6.711,1,0.0708,0.11,0.192,0.559,111.968,217.173,4
Bleu,0.658,0.733,1,-6.069,0,0.033,0.0383,0.239,0.536,119.989,256.307,4
Une miss s'immisce,0.662,0.724,8,-7.946,1,0.0292,0.0105,0.156,0.123,100.001,313.053,4
Les choses qu'on ne peut dire ö personne,0.595,0.72,9,-4.074,0,0.0348,0.151,0.0566,0.639,170.125,224.893,4
Vas-Y Fais-Le Vite,0.725,0.471,1,-12.155,1,0.0495,0.0262,0.118,0.48,159.983,263.493,4
Br_ler bruyamment,0.57,0.448,8,-9.589,1,0.029,0.0822,0.0801,0.499,168.031,218.178,4
Closer feat. Chlo_,0.44,0.751,9,-9.022,1,0.0922,0.157,0.0838,0.0772,72.004,301.6,3
Again,0.651,0.38,9,-13.091,1,0.0466,0.337,0.303,0.218,105,242.006,4
Long Way Home,0.639,0.859,5,-6.908,0,0.0368,0.103,0.105,0.0397,103.208,331,4
The Beast,0.696,0.628,0,-7.467,1,0.0418,0.165,0.104,0.198,104.971,198.857,4
Canon,0.522,0.5,7,-9.231,0,0.0328,0.31,0.0929,0.304,145.864,257.96,4
Cent fois,0.859,0.588,2,-9.092,1,0.159,0.185,0.0367,0.777,126.06,225.947,4
Soleil noir,0.688,0.316,1,-11.031,1,0.0821,0.754,0.117,0.264,148.011,226.76,4
Season,0.666,0.56,1,-9.651,1,0.0366,0.346,0.133,0.358,124.992,213.827,4
Tªt le matin,0.471,0.545,10,-7.084,0,0.277,0.477,0.0817,0.393,149.808,224.082,4
El Rezo,0.419,0.702,1,-6.285,0,0.0555,0.0795,0.124,0.284,103.97,263.074,4
Gul l%u2019Abi,0.655,0.495,2,-6.502,1,0.0317,0.00788,0.33,0.0377,105.01,254.84,4
The Insider,0.562,0.461,11,-9.19,0,0.0256,0.208,0.0882,0.375,96.005,265,4
La Californie,0.428,0.53,1,-9.381,1,0.0455,0.0418,0.106,0.0764,92.847,254.282,4
Summer Light,0.541,0.84,0,-6.63,1,0.0292,0.000683,0.209,0.386,128.035,295.24,4
Press Start,0.677,0.582,9,-7.946,0,0.0332,0.000258,0.167,0.639,100.037,204.133,4
Rocket Number 9 - Gesaffelstein Remix,0.633,0.458,5,-9.101,0,0.127,0.000162,0.0608,0.113,117.006,328.994,4
Mary,0.711,0.759,4,-6.271,0,0.0352,0.00694,0.211,0.644,120.026,200.92,4
Victorius,0.611,0.627,9,-8.923,1,0.0342,0.141,0.208,0.208,95.998,292.78,4
Poisson volant,0.809,0.359,4,-10.824,0,0.0378,0.236,0.0864,0.769,126.01,209.32,4
Love & Hunger,0.747,0.547,2,-9.01,0,0.0352,0.13,0.0559,0.477,115.947,260,4
Pavane,0.546,0.614,4,-6.896,0,0.026,0.00897,0.0989,0.498,128.077,193.6,4
Collages,0.781,0.611,10,-10.878,1,0.0472,0.0968,0.11,0.349,117.98,245.916,4
Lisbon,0.631,0.857,10,-8.787,0,0.0296,0.395,0.0739,0.713,120.023,261.573,4
Lazy Thursday Afternoon,0.754,0.653,8,-4.918,1,0.0481,0.239,0.125,0.176,120.007,147.371,4
Shining (Bart&Baker In Space Remix),0.812,0.582,9,-9.309,0,0.0865,0.554,0.105,0.589,124.001,324.2,4
Cloudy Mirror,0.492,0.562,3,-10.117,1,0.0332,0.501,0.104,0.238,157.956,194,3
Moon,0.391,0.704,11,-9.04,0,0.0295,0.00293,0.175,0.564,172.46,215.142,3
Butterfly,0.727,0.774,5,-5.909,0,0.0297,0.0196,0.193,0.716,125.023,168,4
Dancing Alone (feat. Jeanne Added),0.781,0.482,5,-8.626,0,0.0598,0.0122,0.0697,0.794,104.961,206.701,4
Lost Ode,0.342,0.596,5,-7.295,1,0.0657,0.0408,0.502,0.0889,128.781,279.685,4
Holding On,0.606,0.503,4,-9.411,0,0.0264,0.00681,0.147,0.246,104.999,205.505,4
The Tramp and the Radio,0.635,0.615,10,-10.33,0,0.0295,0.383,0.118,0.574,114.992,186.747,4
Who Wants It,0.656,0.879,7,-4.342,1,0.285,0.0191,0.13,0.765,174.955,201.125,4
Storm,0.44,0.344,0,-10.156,0,0.0406,0.533,0.362,0.0626,116.929,283.164,4
H_licon,0.693,0.748,0,-8.375,1,0.0763,0.467,0.29,0.702,120.016,248.875,4
Foggy Lagoon,0.593,0.818,8,-9.247,1,0.0357,0.394,0.117,0.249,114.997,270.048,4
Winter XIII,0.351,0.711,4,-7.522,1,0.0416,0.000706,0.15,0.277,119.975,294.095,4
One Time Too Many,0.52,0.7,2,-8.557,0,0.0398,0.000246,0.0462,0.214,160.005,217.28,4
Paper Child - Jabberwocky Remix,0.6,0.755,11,-6.172,0,0.0253,0.348,0.132,0.386,100.013,320.776,4
Skip Stones,0.654,0.638,11,-4.78,0,0.0266,0.114,0.0973,0.364,103.998,215.413,4
Woman Army,0.608,0.707,4,-7.376,0,0.0383,0.0947,0.11,0.0862,113.985,308.46,4